{
    "method": "invdepth",
    "a": 0.0023787368554621935,
    "b": 0.08980096131563187,
    "rmse": 0.6855841875076294,
    "absrel": 0.07539910823106766,
    "delta1": 0.9985345005989075
}