{
    "method": "invdepth",
    "a": 0.004989832639694214,
    "b": 0.02389543317258358,
    "rmse": 0.6520134210586548,
    "absrel": 0.03536701202392578,
    "delta1": 0.9908352494239807
}