{
    "method": "invdepth",
    "a": 0.003550382796674967,
    "b": 0.05075706169009209,
    "rmse": 0.9004071950912476,
    "absrel": 0.06410612165927887,
    "delta1": 0.9888548851013184
}