{
    "a": -0.05703611671924591,
    "b": 5.9732184410095215,
    "rmse": 2.145017147064209,
    "absrel": 0.43671873211860657,
    "delta1": 0.2666921615600586
}