{
    "a": -0.19201970100402832,
    "b": 5.983880043029785,
    "rmse": 1.1774049997329712,
    "absrel": 0.331819623708725,
    "delta1": 0.51678466796875
}