{
    "a": -0.1854143738746643,
    "b": 10.274609565734863,
    "rmse": 0.23497793078422546,
    "absrel": 0.025024311617016792,
    "delta1": 1.0
}