{
    "method": "invdepth",
    "a": 0.009190235286951065,
    "b": 0.009743914008140564,
    "rmse": 0.760357141494751,
    "absrel": 0.06237497553229332,
    "delta1": 0.9883643388748169
}