{
    "method": "invdepth",
    "a": 0.002155061811208725,
    "b": 0.10183997452259064,
    "rmse": 0.19598525762557983,
    "absrel": 0.022104131057858467,
    "delta1": 1.0
}