{
    "method": "invdepth",
    "a": 0.003302031196653843,
    "b": 0.09856674820184708,
    "rmse": 0.2981411814689636,
    "absrel": 0.03993124142289162,
    "delta1": 0.9991386532783508
}