{
    "a": -0.5625798106193542,
    "b": 15.198049545288086,
    "rmse": 0.7581114768981934,
    "absrel": 0.08979111164808273,
    "delta1": 0.9469175934791565
}