{
    "method": "invdepth",
    "a": 0.008597244508564472,
    "b": 0.011730575934052467,
    "rmse": 0.8757043480873108,
    "absrel": 0.07182907313108444,
    "delta1": 0.9840518236160278
}