{
    "method": "invdepth",
    "a": 0.00503507349640131,
    "b": 0.021175194531679153,
    "rmse": 0.6292005181312561,
    "absrel": 0.02875896729528904,
    "delta1": 0.9907540082931519
}